{"cameraMode":{"drawMode":0,"name":"Shaded","section":"Shading Mode"},"sceneLighting":false,"audioPlay":false,"sceneViewState":{"m_AlwaysRefresh":false,"showFog":true,"showSkybox":false,"showFlares":true,"showImageEffects":true,"showParticleSystems":true,"showVisualEffectGraphs":true,"m_FxEnabled":true},"in2DMode":false,"pivot":{"x":7.554466247558594,"y":-0.5768681764602661,"z":-1.4484694004058838},"rotation":{"x":0.14779190719127656,"y":-0.6997435092926025,"z":0.15157045423984528,"w":0.6823207139968872},"size":1.3936526775360108,"orthographic":false}