{"cameraMode":{"drawMode":0,"name":"Shaded","section":"Shading Mode"},"sceneLighting":true,"audioPlay":false,"sceneViewState":{"m_AlwaysRefresh":false,"showFog":true,"showSkybox":true,"showFlares":true,"showImageEffects":true,"showParticleSystems":true,"showVisualEffectGraphs":true,"m_FxEnabled":true},"in2DMode":false,"pivot":{"x":13.477519989013672,"y":-31.14431381225586,"z":73.38030242919922},"rotation":{"x":0.20861348509788514,"y":0.03813574090600014,"z":-0.008115673437714577,"w":0.9772618412971497},"size":53.37218475341797,"orthographic":false}