{"cameraMode":{"drawMode":0,"name":"Shaded","section":"Shading Mode"},"sceneLighting":false,"audioPlay":false,"sceneViewState":{"m_AlwaysRefresh":false,"showFog":true,"showSkybox":false,"showFlares":true,"showImageEffects":true,"showParticleSystems":true,"showVisualEffectGraphs":true,"m_FxEnabled":true},"in2DMode":false,"pivot":{"x":-3.1289191246032717,"y":-0.7155172824859619,"z":6.456722736358643},"rotation":{"x":0.37492454051971438,"y":0.5447827577590942,"z":-0.29641857743263247,"w":0.6890547871589661},"size":2.1794495582580568,"orthographic":false}