{"cameraMode":{"drawMode":0,"name":"Shaded","section":"Shading Mode"},"sceneLighting":false,"audioPlay":false,"sceneViewState":{"m_AlwaysRefresh":false,"showFog":true,"showSkybox":false,"showFlares":true,"showImageEffects":true,"showParticleSystems":true,"showVisualEffectGraphs":true,"m_FxEnabled":true},"in2DMode":false,"pivot":{"x":-0.8589940667152405,"y":-1.4856178760528565,"z":-3.5437674522399904},"rotation":{"x":0.2343246340751648,"y":-0.07864399254322052,"z":0.019041677936911584,"w":0.9688217639923096},"size":3.3603131771087648,"orthographic":false}