{"cameraMode":{"drawMode":0,"name":"Shaded","section":"Shading Mode"},"sceneLighting":false,"audioPlay":false,"sceneViewState":{"m_AlwaysRefresh":false,"showFog":true,"showSkybox":false,"showFlares":true,"showImageEffects":true,"showParticleSystems":true,"showVisualEffectGraphs":true,"m_FxEnabled":true},"in2DMode":false,"pivot":{"x":-10.297826766967774,"y":-0.1453242301940918,"z":10.047834396362305},"rotation":{"x":0.2643688917160034,"y":-0.12799915671348573,"z":0.03542378917336464,"w":0.9552353620529175},"size":2.2049551010131838,"orthographic":false}