{"cameraMode":{"drawMode":0,"name":"Shaded","section":"Shading Mode"},"sceneLighting":false,"audioPlay":false,"sceneViewState":{"m_AlwaysRefresh":false,"showFog":true,"showSkybox":false,"showFlares":true,"showImageEffects":true,"showParticleSystems":true,"showVisualEffectGraphs":true,"m_FxEnabled":true},"in2DMode":false,"pivot":{"x":-2.5504066944122316,"y":-1.1777925491333008,"z":0.9929835796356201},"rotation":{"x":0.44000962376594546,"y":-0.35729771852493288,"z":0.19650259613990785,"w":0.8000836968421936},"size":4.279450416564941,"orthographic":false}