{"cameraMode":{"drawMode":0,"name":"Shaded","section":"Shading Mode"},"sceneLighting":false,"audioPlay":false,"sceneViewState":{"m_AlwaysRefresh":false,"showFog":true,"showSkybox":false,"showFlares":true,"showImageEffects":true,"showParticleSystems":true,"showVisualEffectGraphs":true,"m_FxEnabled":true},"in2DMode":false,"pivot":{"x":-6.149466037750244,"y":0.22739362716674806,"z":0.2260265350341797},"rotation":{"x":0.389430433511734,"y":0.05658791959285736,"z":-0.023975009098649026,"w":0.9190126657485962},"size":3.9794492721557619,"orthographic":false}