{"cameraMode":{"drawMode":0,"name":"Shaded","section":"Shading Mode"},"sceneLighting":false,"audioPlay":false,"sceneViewState":{"m_AlwaysRefresh":false,"showFog":true,"showSkybox":false,"showFlares":true,"showImageEffects":true,"showParticleSystems":true,"showVisualEffectGraphs":true,"m_FxEnabled":true},"in2DMode":false,"pivot":{"x":2.194167137145996,"y":-0.6540465354919434,"z":-12.243890762329102},"rotation":{"x":0.2160147726535797,"y":-0.02636280283331871,"z":0.005838117096573114,"w":0.9760252237319946},"size":2.4389543533325197,"orthographic":false}