{"cameraMode":{"drawMode":0,"name":"Shaded","section":"Shading Mode"},"sceneLighting":false,"audioPlay":false,"sceneViewState":{"m_AlwaysRefresh":false,"showFog":true,"showSkybox":false,"showFlares":true,"showImageEffects":true,"showParticleSystems":true,"showVisualEffectGraphs":true,"m_FxEnabled":true},"in2DMode":false,"pivot":{"x":2.465252637863159,"y":0.1620316505432129,"z":-11.258986473083496},"rotation":{"x":0.352565735578537,"y":0.0028043375350534918,"z":-0.0010528590064495803,"w":0.9357911944389343},"size":2.4389543533325197,"orthographic":false}