{"cameraMode":{"drawMode":0,"name":"Shaded","section":"Shading Mode"},"sceneLighting":false,"audioPlay":false,"sceneViewState":{"m_AlwaysRefresh":false,"showFog":true,"showSkybox":false,"showFlares":true,"showImageEffects":true,"showParticleSystems":true,"showVisualEffectGraphs":true,"m_FxEnabled":true},"in2DMode":false,"pivot":{"x":-4.0510687828063969,"y":-0.6213908195495606,"z":11.874470710754395},"rotation":{"x":0.3100917637348175,"y":0.011405148543417454,"z":-0.003716215956956148,"w":0.9506403803825378},"size":2.577741861343384,"orthographic":false}