{"cameraMode":{"drawMode":0,"name":"Shaded","section":"Shading Mode"},"sceneLighting":false,"audioPlay":false,"sceneViewState":{"m_AlwaysRefresh":false,"showFog":true,"showSkybox":false,"showFlares":true,"showImageEffects":true,"showParticleSystems":true,"showVisualEffectGraphs":true,"m_FxEnabled":true},"in2DMode":false,"pivot":{"x":11.589579582214356,"y":0.11708450317382813,"z":-10.899676322937012},"rotation":{"x":0.25326472520828249,"y":-0.6852579116821289,"z":0.2783319056034088,"w":0.6235619783401489},"size":2.179450273513794,"orthographic":false}