{"cameraMode":{"drawMode":0,"name":"Shaded","section":"Shading Mode"},"sceneLighting":false,"audioPlay":false,"sceneViewState":{"m_AlwaysRefresh":false,"showFog":true,"showSkybox":false,"showFlares":true,"showImageEffects":true,"showParticleSystems":true,"showVisualEffectGraphs":true,"m_FxEnabled":true},"in2DMode":false,"pivot":{"x":4.323958873748779,"y":-0.5577306747436523,"z":-0.8660910129547119},"rotation":{"x":0.09918566048145294,"y":-0.8727198839187622,"z":0.43456408381462099,"w":0.19919173419475556},"size":2.999892473220825,"orthographic":false}