{"cameraMode":{"drawMode":0,"name":"Shaded","section":"Shading Mode"},"sceneLighting":false,"audioPlay":false,"sceneViewState":{"m_AlwaysRefresh":false,"showFog":true,"showSkybox":false,"showFlares":true,"showImageEffects":true,"showParticleSystems":true,"showVisualEffectGraphs":true,"m_FxEnabled":true},"in2DMode":false,"pivot":{"x":3.951521873474121,"y":-0.5550327301025391,"z":0.04384735971689224},"rotation":{"x":0.35620707273483279,"y":-0.6008949875831604,"z":0.33992376923561098,"w":0.6296906471252441},"size":3.9794504642486574,"orthographic":false}