{"cameraMode":{"drawMode":0,"name":"Shaded","section":"Shading Mode"},"sceneLighting":false,"audioPlay":false,"sceneViewState":{"m_AlwaysRefresh":false,"showFog":true,"showSkybox":false,"showFlares":true,"showImageEffects":true,"showParticleSystems":true,"showVisualEffectGraphs":true,"m_FxEnabled":true},"in2DMode":false,"pivot":{"x":-0.11265850067138672,"y":-2.122587203979492,"z":-2.4372000694274904},"rotation":{"x":0.4284142553806305,"y":-0.016263876110315324,"z":0.007720895577222109,"w":0.9034141898155212},"size":3.9794492721557619,"orthographic":false}